PassengerId,Pclass,Name,Sex,Age,SibSp,Parch,Ticket,Fare,Cabin,Embarked,Survived(Neural Network)
892,3,"Kelly, Mr. James",1,34.5,0,0,330911,7.83,,3,0
893,3,"Wilkes, Mrs. James (Ellen Needs)",2,47,1,0,363272,7,,1,0
894,2,"Myles, Mr. Thomas Francis",1,62,0,0,240276,9.69,,3,0
895,3,"Wirz, Mr. Albert",1,27,0,0,315154,8.66,,1,0
896,3,"Hirvonen, Mrs. Alexander (Helga E Lindqvist)",2,22,1,1,3101298,12.29,,1,1
897,3,"Svensson, Mr. Johan Cervin",1,14,0,0,7538,9.23,,1,0
898,3,"Connolly, Miss. Kate",2,30,0,0,330972,7.63,,3,1
899,2,"Caldwell, Mr. Albert Francis",1,26,1,1,248738,29,,1,0
900,3,"Abrahim, Mrs. Joseph (Sophie Halaut Easu)",2,18,0,0,2657,7.23,,2,1
901,3,"Davies, Mr. John Samuel",1,21,2,0,48871,24.15,,1,0
902,3,"Ilieff, Mr. Ylio",1,,0,0,349220,7.9,,1,1
903,1,"Jones, Mr. Charles Cresson",1,46,0,0,694,26,,1,0
904,1,"Snyder, Mrs. John Pillsbury (Nelle Stevenson)",2,23,1,0,21228,82.27,B45,1,1
905,2,"Howard, Mr. Benjamin",1,63,1,0,24065,26,,1,0
906,1,"Chaffee, Mrs. Herbert Fuller (Carrie Constance Toogood)",2,47,1,0,5734,61.18,E31,1,1
907,2,"del Carlo, Mrs. Sebastiano (Argenia Genovesi)",2,24,1,0,2167,27.72,,2,1
908,2,"Keane, Mr. Daniel",1,35,0,0,233734,12.35,,3,0
909,3,"Assaf, Mr. Gerios",1,21,0,0,2692,7.23,,2,0
910,3,"Ilmakangas, Miss. Ida Livija",2,27,1,0,3101270,7.93,,1,1
911,3,"Assaf Khalil, Mrs. Mariana (Miriam"")""",2,45,0,0,2696,7.23,,2,0
912,1,"Rothschild, Mr. Martin",1,55,1,0,17603,59.4,,2,0
913,3,"Olsen, Master. Artur Karl",1,9,0,1,17368,3.17,,1,0
914,1,"Flegenheim, Mrs. Alfred (Antoinette)",2,,0,0,17598,31.68,,1,1
915,1,"Williams, Mr. Richard Norris II",1,21,0,1,17597,61.38,,2,1
916,1,"Ryerson, Mrs. Arthur Larned (Emily Maria Borie)",2,48,1,3,17608,262.38,B57 B59 B63 B66,2,1
917,3,"Robins, Mr. Alexander A",1,50,1,0,3337,14.5,,1,0
918,1,"Ostby, Miss. Helene Ragnhild",2,22,0,1,113509,61.98,B36,2,1
919,3,"Daher, Mr. Shedid",1,22.5,0,0,2698,7.23,,2,0
920,1,"Brady, Mr. John Bertram",1,41,0,0,113054,30.5,A21,1,1
921,3,"Samaan, Mr. Elias",1,,2,0,2662,21.68,,2,0
922,2,"Louch, Mr. Charles Alexander",1,50,1,0,3085,26,,1,0
923,2,"Jefferys, Mr. Clifford Thomas",1,24,2,0,31029,31.5,,1,0
924,3,"Dean, Mrs. Bertram (Eva Georgetta Light)",2,33,1,2,2315,20.58,,1,0
925,3,"Johnston, Mrs. Andrew G (Elizabeth Lily"" Watson)""",2,,1,2,6607,23.45,,1,1
926,1,"Mock, Mr. Philipp Edmund",1,30,1,0,13236,57.75,C78,2,1
927,3,"Katavelas, Mr. Vassilios (Catavelas Vassilios"")""",1,18.5,0,0,2682,7.23,,2,0
928,3,"Roth, Miss. Sarah A",2,,0,0,342712,8.05,,1,1
929,3,"Cacic, Miss. Manda",2,21,0,0,315087,8.66,,1,1
930,3,"Sap, Mr. Julius",1,25,0,0,345768,9.5,,1,0
931,3,"Hee, Mr. Ling",1,,0,0,1601,56.5,,1,1
932,3,"Karun, Mr. Franz",1,39,0,1,349256,13.42,,2,0
933,1,"Franklin, Mr. Thomas Parham",1,,0,0,113778,26.55,D34,1,1
934,3,"Goldsmith, Mr. Nathan",1,41,0,0,3101263,7.85,,1,0
935,2,"Corbett, Mrs. Walter H (Irene Colvin)",2,30,0,0,237249,13,,1,1
936,1,"Kimball, Mrs. Edwin Nelson Jr (Gertrude Parsons)",2,45,1,0,11753,52.55,D19,1,1
937,3,"Peltomaki, Mr. Nikolai Johannes",1,25,0,0,3101291,7.93,,1,0
938,1,"Chevre, Mr. Paul Romaine",1,45,0,0,17594,29.7,A9,2,1
939,3,"Shaughnessy, Mr. Patrick",1,,0,0,370374,7.75,,3,1
940,1,"Bucknell, Mrs. William Robert (Emma Eliza Ward)",2,60,0,0,11813,76.29,D15,2,1
941,3,"Coutts, Mrs. William (Winnie Minnie"" Treanor)""",2,36,0,2,37671,15.9,,1,0
942,1,"Smith, Mr. Lucien Philip",1,24,1,0,13695,60,C31,1,1
943,2,"Pulbaum, Mr. Franz",1,27,0,0,2168,15.03,,2,0
944,2,"Hocking, Miss. Ellen Nellie""""",2,20,2,1,29105,23,,1,1
945,1,"Fortune, Miss. Ethel Flora",2,28,3,2,19950,263,C23 C25 C27,1,1
946,2,"Mangiavacchi, Mr. Serafino Emilio",1,,0,0,2861,15.58,,2,1
947,3,"Rice, Master. Albert",1,10,4,1,382652,29.13,,3,0
948,3,"Cor, Mr. Bartol",1,35,0,0,349230,7.9,,1,0
949,3,"Abelseth, Mr. Olaus Jorgensen",1,25,0,0,348122,7.65,F G63,1,0
950,3,"Davison, Mr. Thomas Henry",1,,1,0,386525,16.1,,1,0
951,1,"Chaudanson, Miss. Victorine",2,36,0,0,17608,262.38,B61,2,1
952,3,"Dika, Mr. Mirko",1,17,0,0,349232,7.9,,1,0
953,2,"McCrae, Mr. Arthur Gordon",1,32,0,0,237216,13.5,,1,0
954,3,"Bjorklund, Mr. Ernst Herbert",1,18,0,0,347090,7.75,,1,0
955,3,"Bradley, Miss. Bridget Delia",2,22,0,0,334914,7.73,,3,1
956,1,"Ryerson, Master. John Borie",1,13,2,2,17608,262.38,B57 B59 B63 B66,2,1
957,2,"Corey, Mrs. Percy C (Mary Phyllis Elizabeth Miller)",2,,0,0,13534,21,,1,1
958,3,"Burns, Miss. Mary Delia",2,18,0,0,330963,7.88,,3,1
959,1,"Moore, Mr. Clarence Bloomfield",1,47,0,0,113796,42.4,,1,0
960,1,"Tucker, Mr. Gilbert Milligan Jr",1,31,0,0,2543,28.54,C53,2,1
961,1,"Fortune, Mrs. Mark (Mary McDougald)",2,60,1,4,19950,263,C23 C25 C27,1,1
962,3,"Mulvihill, Miss. Bertha E",2,24,0,0,382653,7.75,,3,1
963,3,"Minkoff, Mr. Lazar",1,21,0,0,349211,7.9,,1,0
964,3,"Nieminen, Miss. Manta Josefina",2,29,0,0,3101297,7.93,,1,1
965,1,"Ovies y Rodriguez, Mr. Servando",1,28.5,0,0,17562,27.72,D43,2,1
966,1,"Geiger, Miss. Amalie",2,35,0,0,113503,211.5,C130,2,1
967,1,"Keeping, Mr. Edwin",1,32.5,0,0,113503,211.5,C132,2,1
968,3,"Miles, Mr. Frank",1,,0,0,359306,8.05,,1,1
969,1,"Cornell, Mrs. Robert Clifford (Malvina Helen Lamson)",2,55,2,0,11770,25.7,C101,1,1
970,2,"Aldworth, Mr. Charles Augustus",1,30,0,0,248744,13,,1,0
971,3,"Doyle, Miss. Elizabeth",2,24,0,0,368702,7.75,,3,1
972,3,"Boulos, Master. Akar",1,6,1,1,2678,15.25,,2,0
973,1,"Straus, Mr. Isidor",1,67,1,0,17483,221.78,C55 C57,1,0
974,1,"Case, Mr. Howard Brown",1,49,0,0,19924,26,,1,0
975,3,"Demetri, Mr. Marinko",1,,0,0,349238,7.9,,1,1
976,2,"Lamb, Mr. John Joseph",1,,0,0,240261,10.71,,3,1
977,3,"Khalil, Mr. Betros",1,,1,0,2660,14.45,,2,0
978,3,"Barry, Miss. Julia",2,27,0,0,330844,7.88,,3,1
979,3,"Badman, Miss. Emily Louisa",2,18,0,0,31416,8.05,,1,1
980,3,"O'Donoghue, Ms. Bridget",2,,0,0,364856,7.75,,3,1
981,2,"Wells, Master. Ralph Lester",1,2,1,1,29103,23,,1,1
982,3,"Dyker, Mrs. Adolf Fredrik (Anna Elisabeth Judith Andersson)",2,22,1,0,347072,13.9,,1,1
983,3,"Pedersen, Mr. Olaf",1,,0,0,345498,7.78,,1,1
984,1,"Davidson, Mrs. Thornton (Orian Hays)",2,27,1,2,12750,52,B71,1,1
985,3,"Guest, Mr. Robert",1,,0,0,376563,8.05,,1,1
986,1,"Birnbaum, Mr. Jakob",1,25,0,0,13905,26,,2,1
987,3,"Tenglin, Mr. Gunnar Isidor",1,25,0,0,350033,7.8,,1,0
988,1,"Cavendish, Mrs. Tyrell William (Julia Florence Siegel)",2,76,1,0,19877,78.85,C46,1,1
989,3,"Makinen, Mr. Kalle Edvard",1,29,0,0,3101268,7.93,,1,0
990,3,"Braf, Miss. Elin Ester Maria",2,20,0,0,347471,7.85,,1,1
991,3,"Nancarrow, Mr. William Henry",1,33,0,0,3338,8.05,,1,0
992,1,"Stengel, Mrs. Charles Emil Henry (Annie May Morris)",2,43,1,0,11778,55.44,C116,2,1
993,2,"Weisz, Mr. Leopold",1,27,1,0,228414,26,,1,0
994,3,"Foley, Mr. William",1,,0,0,365235,7.75,,3,1
995,3,"Johansson Palmquist, Mr. Oskar Leander",1,26,0,0,347070,7.78,,1,0
996,3,"Thomas, Mrs. Alexander (Thamine Thelma"")""",2,16,1,1,2625,8.52,,2,1
997,3,"Holthen, Mr. Johan Martin",1,28,0,0,4001,22.53,,1,0
998,3,"Buckley, Mr. Daniel",1,21,0,0,330920,7.82,,3,0
999,3,"Ryan, Mr. Edward",1,,0,0,383162,7.75,,3,1
1000,3,"Willer, Mr. Aaron (Abi Weller"")""",1,,0,0,3410,8.71,,1,1
1001,2,"Swane, Mr. George",1,18.5,0,0,248734,13,F,1,0
1002,2,"Stanton, Mr. Samuel Ward",1,41,0,0,237734,15.05,,2,0
1003,3,"Shine, Miss. Ellen Natalia",2,,0,0,330968,7.78,,3,1
1004,1,"Evans, Miss. Edith Corse",2,36,0,0,17531,31.68,A29,2,1
1005,3,"Buckley, Miss. Katherine",2,18.5,0,0,329944,7.28,,3,1
1006,1,"Straus, Mrs. Isidor (Rosalie Ida Blun)",2,63,1,0,17483,221.78,C55 C57,1,1
1007,3,"Chronopoulos, Mr. Demetrios",1,18,1,0,2680,14.45,,2,0
1008,3,"Thomas, Mr. John",1,,0,0,2681,6.44,,2,1
1009,3,"Sandstrom, Miss. Beatrice Irene",2,1,1,1,9549,16.7,G6,1,1
1010,1,"Beattie, Mr. Thomson",1,36,0,0,13050,75.24,C6,2,1
1011,2,"Chapman, Mrs. John Henry (Sara Elizabeth Lawry)",2,29,1,0,29037,26,,1,1
1012,2,"Watt, Miss. Bertha J",2,12,0,0,33595,15.75,,1,1
1013,3,"Kiernan, Mr. John",1,,1,0,367227,7.75,,3,1
1014,1,"Schabert, Mrs. Paul (Emma Mock)",2,35,1,0,13236,57.75,C28,2,1
1015,3,"Carver, Mr. Alfred John",1,28,0,0,392095,7.25,,1,0
1016,3,"Kennedy, Mr. John",1,,0,0,368783,7.75,,3,1
1017,3,"Cribb, Miss. Laura Alice",2,17,0,1,371362,16.1,,1,1
1018,3,"Brobeck, Mr. Karl Rudolf",1,22,0,0,350045,7.8,,1,0
1019,3,"McCoy, Miss. Alicia",2,,2,0,367226,23.25,,3,1
1020,2,"Bowenur, Mr. Solomon",1,42,0,0,211535,13,,1,0
1021,3,"Petersen, Mr. Marius",1,24,0,0,342441,8.05,,1,0
1022,3,"Spinner, Mr. Henry John",1,32,0,0,369943,8.05,,1,0
1023,1,"Gracie, Col. Archibald IV",1,53,0,0,113780,28.5,C51,2,1
1024,3,"Lefebre, Mrs. Frank (Frances)",2,,0,4,4133,25.47,,1,1
1025,3,"Thomas, Mr. Charles P",1,,1,0,2621,6.44,,2,0
1026,3,"Dintcheff, Mr. Valtcho",1,43,0,0,349226,7.9,,1,0
1027,3,"Carlsson, Mr. Carl Robert",1,24,0,0,350409,7.85,,1,0
1028,3,"Zakarian, Mr. Mapriededer",1,26.5,0,0,2656,7.23,,2,0
1029,2,"Schmidt, Mr. August",1,26,0,0,248659,13,,1,0
1030,3,"Drapkin, Miss. Jennie",2,23,0,0,392083,8.05,,1,1
1031,3,"Goodwin, Mr. Charles Frederick",1,40,1,6,2144,46.9,,1,0
1032,3,"Goodwin, Miss. Jessie Allis",2,10,5,2,2144,46.9,,1,0
1033,1,"Daniels, Miss. Sarah",2,33,0,0,113781,151.55,,1,1
1034,1,"Ryerson, Mr. Arthur Larned",1,61,1,3,17608,262.38,B57 B59 B63 B66,2,0
1035,2,"Beauchamp, Mr. Henry James",1,28,0,0,244358,26,,1,0
1036,1,"Lindeberg-Lind, Mr. Erik Gustaf (Mr Edward Lingrey"")""",1,42,0,0,17475,26.55,,1,1
1037,3,"Vander Planke, Mr. Julius",1,31,3,0,345763,18,,1,0
1038,1,"Hilliard, Mr. Herbert Henry",1,,0,0,17463,51.86,E46,1,1
1039,3,"Davies, Mr. Evan",1,22,0,0,23568,8.05,,1,0
1040,1,"Crafton, Mr. John Bertram",1,,0,0,113791,26.55,,1,1
1041,2,"Lahtinen, Rev. William",1,30,1,1,250651,26,,1,0
1042,1,"Earnshaw, Mrs. Boulton (Olive Potter)",2,23,0,1,11767,83.16,C54,2,1
1043,3,"Matinoff, Mr. Nicola",1,,0,0,349255,7.9,,2,1
1044,3,"Storey, Mr. Thomas",1,60.5,0,0,3701,,,1,0
1045,3,"Klasen, Mrs. (Hulda Kristina Eugenia Lofqvist)",2,36,0,2,350405,12.18,,1,0
1046,3,"Asplund, Master. Filip Oscar",1,13,4,2,347077,31.39,,1,0
1047,3,"Duquemin, Mr. Joseph",1,24,0,0,752,7.55,,1,0
1048,1,"Bird, Miss. Ellen",2,29,0,0,17483,221.78,C97,1,1
1049,3,"Lundin, Miss. Olga Elida",2,23,0,0,347469,7.85,,1,1
1050,1,"Borebank, Mr. John James",1,42,0,0,110489,26.55,D22,1,1
1051,3,"Peacock, Mrs. Benjamin (Edith Nile)",2,26,0,2,3101315,13.78,,1,1
1052,3,"Smyth, Miss. Julia",2,,0,0,335432,7.73,,3,1
1053,3,"Touma, Master. Georges Youssef",1,7,1,1,2650,15.25,,2,0
1054,2,"Wright, Miss. Marion",2,26,0,0,220844,13.5,,1,1
1055,3,"Pearce, Mr. Ernest",1,,0,0,343271,7,,1,1
1056,2,"Peruschitz, Rev. Joseph Maria",1,41,0,0,237393,13,,1,0
1057,3,"Kink-Heilmann, Mrs. Anton (Luise Heilmann)",2,26,1,1,315153,22.03,,1,1
1058,1,"Brandeis, Mr. Emil",1,48,0,0,17591,50.5,B10,2,1
1059,3,"Ford, Mr. Edward Watson",1,18,2,2,6608,34.38,,1,0
1060,1,"Cassebeer, Mrs. Henry Arthur Jr (Eleanor Genevieve Fosdick)",2,,0,0,17770,27.72,,2,1
1061,3,"Hellstrom, Miss. Hilda Maria",2,22,0,0,7548,8.96,,1,1
1062,3,"Lithman, Mr. Simon",1,,0,0,251,7.55,,1,1
1063,3,"Zakarian, Mr. Ortin",1,27,0,0,2670,7.23,,2,0
1064,3,"Dyker, Mr. Adolf Fredrik",1,23,1,0,347072,13.9,,1,0
1065,3,"Torfa, Mr. Assad",1,,0,0,2673,7.23,,2,1
1066,3,"Asplund, Mr. Carl Oscar Vilhelm Gustafsson",1,40,1,5,347077,31.39,,1,0
1067,2,"Brown, Miss. Edith Eileen",2,15,0,2,29750,39,,1,1
1068,2,"Sincock, Miss. Maude",2,20,0,0,33112,36.75,,1,1
1069,1,"Stengel, Mr. Charles Emil Henry",1,54,1,0,11778,55.44,C116,2,0
1070,2,"Becker, Mrs. Allen Oliver (Nellie E Baumgardner)",2,36,0,3,230136,39,F4,1,1
1071,1,"Compton, Mrs. Alexander Taylor (Mary Eliza Ingersoll)",2,64,0,2,17756,83.16,E45,2,1
1072,2,"McCrie, Mr. James Matthew",1,30,0,0,233478,13,,1,0
1073,1,"Compton, Mr. Alexander Taylor Jr",1,37,1,1,17756,83.16,E52,2,1
1074,1,"Marvin, Mrs. Daniel Warner (Mary Graham Carmichael Farquarson)",2,18,1,0,113773,53.1,D30,1,1
1075,3,"Lane, Mr. Patrick",1,,0,0,7935,7.75,,3,1
1076,1,"Douglas, Mrs. Frederick Charles (Mary Helene Baxter)",2,27,1,1,17558,247.52,B58 B60,2,1
1077,2,"Maybery, Mr. Frank Hubert",1,40,0,0,239059,16,,1,0
1078,2,"Phillips, Miss. Alice Frances Louisa",2,21,0,1,2,21,,1,1
1079,3,"Davies, Mr. Joseph",1,17,2,0,48873,8.05,,1,0
1080,3,"Sage, Miss. Ada",2,,8,2,2343,69.55,,1,0
1081,2,"Veal, Mr. James",1,40,0,0,28221,13,,1,0
1082,2,"Angle, Mr. William A",1,34,1,0,226875,26,,1,0
1083,1,"Salomon, Mr. Abraham L",1,,0,0,111163,26,,1,1
1084,3,"van Billiard, Master. Walter John",1,11.5,1,1,851,14.5,,1,0
1085,2,"Lingane, Mr. John",1,61,0,0,235509,12.35,,3,0
1086,2,"Drew, Master. Marshall Brines",1,8,0,2,28220,32.5,,1,1
1087,3,"Karlsson, Mr. Julius Konrad Eugen",1,33,0,0,347465,7.85,,1,0
1088,1,"Spedden, Master. Robert Douglas",1,6,0,2,16966,134.5,E34,2,1
1089,3,"Nilsson, Miss. Berta Olivia",2,18,0,0,347066,7.78,,1,1
1090,2,"Baimbrigge, Mr. Charles Robert",1,23,0,0,31030,10.5,,1,0
1091,3,"Rasmussen, Mrs. (Lena Jacobsen Solvang)",2,,0,0,65305,8.11,,1,1
1092,3,"Murphy, Miss. Nora",2,,0,0,36568,15.5,,3,1
1093,3,"Danbom, Master. Gilbert Sigvard Emanuel",1,0.33,0,2,347080,14.4,,1,1
1094,1,"Astor, Col. John Jacob",1,47,1,0,17757,227.53,C62 C64,2,1
1095,2,"Quick, Miss. Winifred Vera",2,8,1,1,26360,26,,1,1
1096,2,"Andrew, Mr. Frank Thomas",1,25,0,0,34050,10.5,,1,0
1097,1,"Omont, Mr. Alfred Fernand",1,,0,0,12998,25.74,,2,1
1098,3,"McGowan, Miss. Katherine",2,35,0,0,9232,7.75,,3,1
1099,2,"Collett, Mr. Sidney C Stuart",1,24,0,0,28034,10.5,,1,0
1100,1,"Rosenbaum, Miss. Edith Louise",2,33,0,0,17613,27.72,A11,2,1
1101,3,"Delalic, Mr. Redjo",1,25,0,0,349250,7.9,,1,0
1102,3,"Andersen, Mr. Albert Karvin",1,32,0,0,4001,22.53,,1,0
1103,3,"Finoli, Mr. Luigi",1,,0,0,3101308,7.05,,1,1
1104,2,"Deacon, Mr. Percy William",1,17,0,0,14879,73.5,,1,0
1105,2,"Howard, Mrs. Benjamin (Ellen Truelove Arman)",2,60,1,0,24065,26,,1,1
1106,3,"Andersson, Miss. Ida Augusta Margareta",2,38,4,2,347091,7.78,,1,0
1107,1,"Head, Mr. Christopher",1,42,0,0,113038,42.5,B11,1,1
1108,3,"Mahon, Miss. Bridget Delia",2,,0,0,330924,7.88,,3,1
1109,1,"Wick, Mr. George Dennick",1,57,1,1,36928,164.87,,1,0
1110,1,"Widener, Mrs. George Dunton (Eleanor Elkins)",2,50,1,1,113503,211.5,C80,2,1
1111,3,"Thomson, Mr. Alexander Morrison",1,,0,0,32302,8.05,,1,1
1112,2,"Duran y More, Miss. Florentina",2,30,1,0,2148,13.86,,2,1
1113,3,"Reynolds, Mr. Harold J",1,21,0,0,342684,8.05,,1,0
1114,2,"Cook, Mrs. (Selena Rogers)",2,22,0,0,14266,10.5,F33,1,1
1115,3,"Karlsson, Mr. Einar Gervasius",1,21,0,0,350053,7.8,,1,0
1116,1,"Candee, Mrs. Edward (Helen Churchill Hungerford)",2,53,0,0,17606,27.45,,2,1
1117,3,"Moubarek, Mrs. George (Omine Amenia"" Alexander)""",2,,0,2,2661,15.25,,2,1
1118,3,"Asplund, Mr. Johan Charles",1,23,0,0,350054,7.8,,1,0
1119,3,"McNeill, Miss. Bridget",2,,0,0,370368,7.75,,3,1
1120,3,"Everett, Mr. Thomas James",1,40.5,0,0,6212,15.1,,1,0
1121,2,"Hocking, Mr. Samuel James Metcalfe",1,36,0,0,242963,13,,1,0
1122,2,"Sweet, Mr. George Frederick",1,14,0,0,220845,65,,1,0
1123,1,"Willard, Miss. Constance",2,21,0,0,113795,26.55,,1,1
1124,3,"Wiklund, Mr. Karl Johan",1,21,1,0,3101266,6.5,,1,0
1125,3,"Linehan, Mr. Michael",1,,0,0,330971,7.88,,3,1
1126,1,"Cumings, Mr. John Bradley",1,39,1,0,17599,71.28,C85,2,1
1127,3,"Vendel, Mr. Olof Edvin",1,20,0,0,350416,7.85,,1,0
1128,1,"Warren, Mr. Frank Manley",1,64,1,0,110813,75.25,D37,2,0
1129,3,"Baccos, Mr. Raffull",1,20,0,0,2679,7.23,,2,0
1130,2,"Hiltunen, Miss. Marta",2,18,1,1,250650,13,,1,1
1131,1,"Douglas, Mrs. Walter Donald (Mahala Dutton)",2,48,1,0,17761,106.43,C86,2,1
1132,1,"Lindstrom, Mrs. Carl Johan (Sigrid Posse)",2,55,0,0,112377,27.72,,2,1
1133,2,"Christy, Mrs. (Alice Frances)",2,45,0,2,237789,30,,1,1
1134,1,"Spedden, Mr. Frederic Oakley",1,45,1,1,16966,134.5,E34,2,1
1135,3,"Hyman, Mr. Abraham",1,,0,0,3470,7.89,,1,0
1136,3,"Johnston, Master. William Arthur Willie""""",1,,1,2,6607,23.45,,1,0
1137,1,"Kenyon, Mr. Frederick R",1,41,1,0,17464,51.86,D21,1,0
1138,2,"Karnes, Mrs. J Frank (Claire Bennett)",2,22,0,0,13534,21,,1,1
1139,2,"Drew, Mr. James Vivian",1,42,1,1,28220,32.5,,1,0
1140,2,"Hold, Mrs. Stephen (Annie Margaret Hill)",2,29,1,0,26707,26,,1,1
1141,3,"Khalil, Mrs. Betros (Zahie Maria"" Elias)""",2,,1,0,2660,14.45,,2,1
1142,2,"West, Miss. Barbara J",2,0.92,1,2,34651,27.75,,1,1
1143,3,"Abrahamsson, Mr. Abraham August Johannes",1,20,0,0,3101284,7.93,,1,0
1144,1,"Clark, Mr. Walter Miller",1,27,1,0,13508,136.78,C89,2,1
1145,3,"Salander, Mr. Karl Johan",1,24,0,0,7266,9.33,,1,0
1146,3,"Wenzel, Mr. Linhart",1,32.5,0,0,345775,9.5,,1,0
1147,3,"MacKay, Mr. George William",1,,0,0,42795,7.55,,1,0
1148,3,"Mahon, Mr. John",1,,0,0,3130,7.75,,3,1
1149,3,"Niklasson, Mr. Samuel",1,28,0,0,363611,8.05,,1,0
1150,2,"Bentham, Miss. Lilian W",2,19,0,0,28404,13,,1,1
1151,3,"Midtsjo, Mr. Karl Albert",1,21,0,0,345501,7.78,,1,0
1152,3,"de Messemaeker, Mr. Guillaume Joseph",1,36.5,1,0,345572,17.4,,1,0
1153,3,"Nilsson, Mr. August Ferdinand",1,21,0,0,350410,7.85,,1,0
1154,2,"Wells, Mrs. Arthur Henry (Addie"" Dart Trevaskis)""",2,29,0,2,29103,23,,1,1
1155,3,"Klasen, Miss. Gertrud Emilia",2,1,1,1,350405,12.18,,1,1
1156,2,"Portaluppi, Mr. Emilio Ilario Giuseppe",1,30,0,0,34644,12.74,,2,0
1157,3,"Lyntakoff, Mr. Stanko",1,,0,0,349235,7.9,,1,0
1158,1,"Chisholm, Mr. Roderick Robert Crispin",1,,0,0,112051,0,,1,1
1159,3,"Warren, Mr. Charles William",1,,0,0,49867,7.55,,1,0
1160,3,"Howard, Miss. May Elizabeth",2,,0,0,39186,8.05,,1,1
1161,3,"Pokrnic, Mr. Mate",1,17,0,0,315095,8.66,,1,0
1162,1,"McCaffry, Mr. Thomas Francis",1,46,0,0,13050,75.24,C6,2,1
1163,3,"Fox, Mr. Patrick",1,,0,0,368573,7.75,,3,1
1164,1,"Clark, Mrs. Walter Miller (Virginia McDowell)",2,26,1,0,13508,136.78,C89,2,1
1165,3,"Lennon, Miss. Mary",2,,1,0,370371,15.5,,3,1
1166,3,"Saade, Mr. Jean Nassr",1,,0,0,2676,7.23,,2,1
1167,2,"Bryhl, Miss. Dagmar Jenny Ingeborg ",2,20,1,0,236853,26,,1,1
1168,2,"Parker, Mr. Clifford Richard",1,28,0,0,14888,10.5,,1,0
1169,2,"Faunthorpe, Mr. Harry",1,40,1,0,2926,26,,1,0
1170,2,"Ware, Mr. John James",1,30,1,0,31352,21,,1,0
1171,2,"Oxenham, Mr. Percy Thomas",1,22,0,0,14260,10.5,,1,0
1172,3,"Oreskovic, Miss. Jelka",2,23,0,0,315085,8.66,,1,1
1173,3,"Peacock, Master. Alfred Edward",1,0.75,1,1,3101315,13.78,,1,0
1174,3,"Fleming, Miss. Honora",2,,0,0,364859,7.75,,3,1
1175,3,"Touma, Miss. Maria Youssef",2,9,1,1,2650,15.25,,2,1
1176,3,"Rosblom, Miss. Salli Helena",2,2,1,1,370129,20.21,,1,1
1177,3,"Dennis, Mr. William",1,36,0,0,21175,7.25,,1,0
1178,3,"Franklin, Mr. Charles (Charles Fardon)",1,,0,0,3101314,7.25,,1,1
1179,1,"Snyder, Mr. John Pillsbury",1,24,1,0,21228,82.27,B45,1,1
1180,3,"Mardirosian, Mr. Sarkis",1,,0,0,2655,7.23,F E46,2,1
1181,3,"Ford, Mr. Arthur",1,,0,0,1478,8.05,,1,0
1182,1,"Rheims, Mr. George Alexander Lucien",1,,0,0,17607,39.6,,1,1
1183,3,"Daly, Miss. Margaret Marcella Maggie""""",2,30,0,0,382650,6.95,,3,1
1184,3,"Nasr, Mr. Mustafa",1,,0,0,2652,7.23,,2,1
1185,1,"Dodge, Dr. Washington",1,53,1,1,33638,81.86,A34,1,0
1186,3,"Wittevrongel, Mr. Camille",1,36,0,0,345771,9.5,,1,0
1187,3,"Angheloff, Mr. Minko",1,26,0,0,349202,7.9,,1,0
1188,2,"Laroche, Miss. Louise",2,1,1,2,2123,41.58,,2,1
1189,3,"Samaan, Mr. Hanna",1,,2,0,2662,21.68,,2,0
1190,1,"Loring, Mr. Joseph Holland",1,30,0,0,113801,45.5,,1,1
1191,3,"Johansson, Mr. Nils",1,29,0,0,347467,7.85,,1,0
1192,3,"Olsson, Mr. Oscar Wilhelm",1,32,0,0,347079,7.78,,1,0
1193,2,"Malachard, Mr. Noel",1,,0,0,237735,15.05,D,2,1
1194,2,"Phillips, Mr. Escott Robert",1,43,0,1,2,21,,1,0
1195,3,"Pokrnic, Mr. Tome",1,24,0,0,315092,8.66,,1,0
1196,3,"McCarthy, Miss. Catherine Katie""""",2,,0,0,383123,7.75,,3,1
1197,1,"Crosby, Mrs. Edward Gifford (Catherine Elizabeth Halstead)",2,64,1,1,112901,26.55,B26,1,1
1198,1,"Allison, Mr. Hudson Joshua Creighton",1,30,1,2,113781,151.55,C22 C26,1,1
1199,3,"Aks, Master. Philip Frank",1,0.83,0,1,392091,9.35,,1,0
1200,1,"Hays, Mr. Charles Melville",1,55,1,1,12749,93.5,B69,1,0
1201,3,"Hansen, Mrs. Claus Peter (Jennie L Howard)",2,45,1,0,350026,14.11,,1,0
1202,3,"Cacic, Mr. Jego Grga",1,18,0,0,315091,8.66,,1,0
1203,3,"Vartanian, Mr. David",1,22,0,0,2658,7.23,,2,0
1204,3,"Sadowitz, Mr. Harry",1,,0,0,1588,7.58,,1,0
1205,3,"Carr, Miss. Jeannie",2,37,0,0,368364,7.75,,3,1
1206,1,"White, Mrs. John Stuart (Ella Holmes)",2,55,0,0,17760,135.63,C32,2,1
1207,3,"Hagardon, Miss. Kate",2,17,0,0,30631,7.73,,3,1
1208,1,"Spencer, Mr. William Augustus",1,57,1,0,17569,146.52,B78,2,0
1209,2,"Rogers, Mr. Reginald Harry",1,19,0,0,28004,10.5,,1,0
1210,3,"Jonsson, Mr. Nils Hilding",1,27,0,0,350408,7.85,,1,0
1211,2,"Jefferys, Mr. Ernest Wilfred",1,22,2,0,31029,31.5,,1,0
1212,3,"Andersson, Mr. Johan Samuel",1,26,0,0,347075,7.78,,1,0
1213,3,"Krekorian, Mr. Neshan",1,25,0,0,2654,7.23,F E57,2,0
1214,2,"Nesson, Mr. Israel",1,26,0,0,244368,13,F2,1,0
1215,1,"Rowe, Mr. Alfred G",1,33,0,0,113790,26.55,,1,1
1216,1,"Kreuchen, Miss. Emilie",2,39,0,0,24160,211.34,,1,1
1217,3,"Assam, Mr. Ali",1,23,0,0,3101309,7.05,,1,0
1218,2,"Becker, Miss. Ruth Elizabeth",2,12,2,1,230136,39,F4,1,1
1219,1,"Rosenshine, Mr. George (Mr George Thorne"")""",1,46,0,0,17585,79.2,,2,1
1220,2,"Clarke, Mr. Charles Valentine",1,29,1,0,2003,26,,1,0
1221,2,"Enander, Mr. Ingvar",1,21,0,0,236854,13,,1,0
1222,2,"Davies, Mrs. John Morgan (Elizabeth Agnes Mary White) ",2,48,0,2,33112,36.75,,1,1
1223,1,"Dulles, Mr. William Crothers",1,39,0,0,17580,29.7,A18,2,1
1224,3,"Thomas, Mr. Tannous",1,,0,0,2684,7.23,,2,1
1225,3,"Nakid, Mrs. Said (Waika Mary"" Mowad)""",2,19,1,1,2653,15.74,,2,1
1226,3,"Cor, Mr. Ivan",1,27,0,0,349229,7.9,,1,0
1227,1,"Maguire, Mr. John Edward",1,30,0,0,110469,26,C106,1,1
1228,2,"de Brito, Mr. Jose Joaquim",1,32,0,0,244360,13,,1,0
1229,3,"Elias, Mr. Joseph",1,39,0,2,2675,7.23,,2,0
1230,2,"Denbury, Mr. Herbert",1,25,0,0,31029,31.5,,1,0
1231,3,"Betros, Master. Seman",1,,0,0,2622,7.23,,2,1
1232,2,"Fillbrook, Mr. Joseph Charles",1,18,0,0,15185,10.5,,1,0
1233,3,"Lundstrom, Mr. Thure Edvin",1,32,0,0,350403,7.58,,1,0
1234,3,"Sage, Mr. John George",1,,1,9,2343,69.55,,1,1
1235,1,"Cardeza, Mrs. James Warburton Martinez (Charlotte Wardle Drake)",2,58,0,1,17755,512.33,B51 B53 B55,2,1
1236,3,"van Billiard, Master. James William",1,,1,1,851,14.5,,1,0
1237,3,"Abelseth, Miss. Karen Marie",2,16,0,0,348125,7.65,,1,1
1238,2,"Botsford, Mr. William Hull",1,26,0,0,237670,13,,1,0
1239,3,"Whabee, Mrs. George Joseph (Shawneene Abi-Saab)",2,38,0,0,2688,7.23,,2,1
1240,2,"Giles, Mr. Ralph",1,24,0,0,248726,13.5,,1,0
1241,2,"Walcroft, Miss. Nellie",2,31,0,0,13528,21,,1,1
1242,1,"Greenfield, Mrs. Leo David (Blanche Strouse)",2,45,0,1,17759,63.36,D10 D12,2,1
1243,2,"Stokes, Mr. Philip Joseph",1,25,0,0,13540,10.5,,1,0
1244,2,"Dibden, Mr. William",1,18,0,0,14879,73.5,,1,0
1245,2,"Herman, Mr. Samuel",1,49,1,2,220845,65,,1,0
1246,3,"Dean, Miss. Elizabeth Gladys Millvina""""",2,0.17,1,2,2315,20.58,,1,1
1247,1,"Julian, Mr. Henry Forbes",1,50,0,0,113044,26,E60,1,0
1248,1,"Brown, Mrs. John Murray (Caroline Lane Lamson)",2,59,2,0,11769,51.48,C101,1,1
1249,3,"Lockyer, Mr. Edward",1,,0,0,1222,7.88,,1,0
1250,3,"O'Keefe, Mr. Patrick",1,,0,0,368402,7.75,,3,1
1251,3,"Lindell, Mrs. Edvard Bengtsson (Elin Gerda Persson)",2,30,1,0,349910,15.55,,1,0
1252,3,"Sage, Master. William Henry",1,14.5,8,2,2343,69.55,,1,0
1253,2,"Mallet, Mrs. Albert (Antoinette Magnin)",2,24,1,1,2079,37,,2,1
1254,2,"Ware, Mrs. John James (Florence Louise Long)",2,31,0,0,31352,21,,1,1
1255,3,"Strilic, Mr. Ivan",1,27,0,0,315083,8.66,,1,0
1256,1,"Harder, Mrs. George Achilles (Dorothy Annan)",2,25,1,0,11765,55.44,E50,2,1
1257,3,"Sage, Mrs. John (Annie Bullen)",2,,1,9,2343,69.55,,1,1
1258,3,"Caram, Mr. Joseph",1,,1,0,2689,14.46,,2,0
1259,3,"Riihivouri, Miss. Susanna Juhantytar Sanni""""",2,22,0,0,3101295,39.69,,1,1
1260,1,"Gibson, Mrs. Leonard (Pauline C Boeson)",2,45,0,1,112378,59.4,,2,1
1261,2,"Pallas y Castello, Mr. Emilio",1,29,0,0,2147,13.86,,2,0
1262,2,"Giles, Mr. Edgar",1,21,1,0,28133,11.5,,1,0
1263,1,"Wilson, Miss. Helen Alice",2,31,0,0,16966,134.5,E39 E41,2,1
1264,1,"Ismay, Mr. Joseph Bruce",1,49,0,0,112058,0,B52 B54 B56,1,0
1265,2,"Harbeck, Mr. William H",1,44,0,0,248746,13,,1,0
1266,1,"Dodge, Mrs. Washington (Ruth Vidaver)",2,54,1,1,33638,81.86,A34,1,1
1267,1,"Bowen, Miss. Grace Scott",2,45,0,0,17608,262.38,,2,1
1268,3,"Kink, Miss. Maria",2,22,2,0,315152,8.66,,1,0
1269,2,"Cotterill, Mr. Henry Harry""""",1,21,0,0,29107,11.5,,1,0
1270,1,"Hipkins, Mr. William Edward",1,55,0,0,680,50,C39,1,0
1271,3,"Asplund, Master. Carl Edgar",1,5,4,2,347077,31.39,,1,0
1272,3,"O'Connor, Mr. Patrick",1,,0,0,366713,7.75,,3,1
1273,3,"Foley, Mr. Joseph",1,26,0,0,330910,7.88,,3,0
1274,3,"Risien, Mrs. Samuel (Emma)",2,,0,0,364498,14.5,,1,1
1275,3,"McNamee, Mrs. Neal (Eileen O'Leary)",2,19,1,0,376566,16.1,,1,1
1276,2,"Wheeler, Mr. Edwin Frederick""""",1,,0,0,2159,12.88,,1,1
1277,2,"Herman, Miss. Kate",2,24,1,2,220845,65,,1,1
1278,3,"Aronsson, Mr. Ernst Axel Algot",1,24,0,0,349911,7.78,,1,0
1279,2,"Ashby, Mr. John",1,57,0,0,244346,13,,1,0
1280,3,"Canavan, Mr. Patrick",1,21,0,0,364858,7.75,,3,0
1281,3,"Palsson, Master. Paul Folke",1,6,3,1,349909,21.08,,1,0
1282,1,"Payne, Mr. Vivian Ponsonby",1,23,0,0,12749,93.5,B24,1,1
1283,1,"Lines, Mrs. Ernest H (Elizabeth Lindsey James)",2,51,0,1,17592,39.4,D28,1,1
1284,3,"Abbott, Master. Eugene Joseph",1,13,0,2,2673,20.25,,1,0
1285,2,"Gilbert, Mr. William",1,47,0,0,30769,10.5,,1,0
1286,3,"Kink-Heilmann, Mr. Anton",1,29,3,1,315153,22.03,,1,0
1287,1,"Smith, Mrs. Lucien Philip (Mary Eloise Hughes)",2,18,1,0,13695,60,C31,1,1
1288,3,"Colbert, Mr. Patrick",1,24,0,0,371109,7.25,,3,0
1289,1,"Frolicher-Stehli, Mrs. Maxmillian (Margaretha Emerentia Stehli)",2,48,1,1,13567,79.2,B41,2,1
1290,3,"Larsson-Rondberg, Mr. Edvard A",1,22,0,0,347065,7.78,,1,0
1291,3,"Conlon, Mr. Thomas Henry",1,31,0,0,21332,7.73,,3,0
1292,1,"Bonnell, Miss. Caroline",2,30,0,0,36928,164.87,C7,1,1
1293,2,"Gale, Mr. Harry",1,38,1,0,28664,21,,1,0
1294,1,"Gibson, Miss. Dorothy Winifred",2,22,0,1,112378,59.4,,2,1
1295,1,"Carrau, Mr. Jose Pedro",1,17,0,0,113059,47.1,,1,1
1296,1,"Frauenthal, Mr. Isaac Gerald",1,43,1,0,17765,27.72,D40,2,1
1297,2,"Nourney, Mr. Alfred (Baron von Drachstedt"")""",1,20,0,0,2166,13.86,D38,2,0
1298,2,"Ware, Mr. William Jeffery",1,23,1,0,28666,10.5,,1,0
1299,1,"Widener, Mr. George Dunton",1,50,1,1,113503,211.5,C80,2,0
1300,3,"Riordan, Miss. Johanna Hannah""""",2,,0,0,334915,7.72,,3,1
1301,3,"Peacock, Miss. Treasteall",2,3,1,1,3101315,13.78,,1,1
1302,3,"Naughton, Miss. Hannah",2,,0,0,365237,7.75,,3,1
1303,1,"Minahan, Mrs. William Edward (Lillian E Thorpe)",2,37,1,0,19928,90,C78,3,1
1304,3,"Henriksson, Miss. Jenny Lovisa",2,28,0,0,347086,7.78,,1,1
1305,3,"Spector, Mr. Woolf",1,,0,0,3236,8.05,,1,0
1306,1,"Oliva y Ocana, Dona. Fermina",2,39,0,0,17758,108.9,C105,2,1
1307,3,"Saether, Mr. Simon Sivertsen",1,38.5,0,0,3101262,7.25,,1,0
1308,3,"Ware, Mr. Frederick",1,,0,0,359309,8.05,,1,0
1309,3,"Peter, Master. Michael J",1,,1,1,2668,22.36,,2,0
